{

	"metadata" :
	{
		"formatVersion" : 3.1,
		"generatedBy"   : "Blender 2.66 Exporter",
		"vertices"      : 203,
		"faces"         : 204,
		"normals"       : 202,
		"colors"        : 0,
		"uvs"           : [],
		"materials"     : 1,
		"morphTargets"  : 0,
		"bones"         : 0
	},

	"scale" : 1.000000,

	"materials" : [	{
		"DbgColor" : 15658734,
		"DbgIndex" : 0,
		"DbgName" : "Material",
		"blending" : "NormalBlending",
		"colorAmbient" : [0.6400000190734865, 0.6400000190734865, 0.6400000190734865],
		"colorDiffuse" : [0.6400000190734865, 0.6400000190734865, 0.6400000190734865],
		"colorSpecular" : [0.5, 0.5, 0.5],
		"depthTest" : true,
		"depthWrite" : true,
		"shading" : "Lambert",
		"specularCoef" : 50,
		"transparency" : 1.0,
		"transparent" : false,
		"vertexColors" : false
	}],

	"vertices" : [-0.997252,-0.0426629,-0.990945,-0.997252,-0.0426628,0.999835,1.00275,-0.0426641,0.999835,1.00275,-0.0426642,-0.990945,-0.59195,-0.889592,-0.597773,-0.591949,-0.889592,0.597115,0.602938,-0.889594,0.578674,0.602938,-0.889594,-0.597773,-0.301407,-1.86296,-0.307229,-0.301407,-1.86296,0.306571,0.312393,-1.86296,0.288131,0.312393,-1.86296,-0.30723,-0.301409,-3.40049,-0.307229,-0.301409,-3.40049,0.306571,0.312391,-3.40049,0.288131,0.312391,-3.40049,-0.307229,-0.415251,-4.23673,-0.421069,-0.41525,-4.23673,0.420411,0.42623,-4.23674,0.401971,0.42623,-4.23674,-0.42107,-0.415251,-4.87176,-0.421069,-0.415251,-4.87176,0.420411,0.426229,-4.87176,0.401971,0.426229,-4.87176,-0.42107,-0.0942289,-5.29768,-0.100047,-0.0942287,-5.29768,0.0993882,0.105206,-5.29768,0.0993879,0.105206,-5.29768,-0.100047,0.597444,0.804266,-0.579004,0.597443,0.804266,0.615884,-0.597444,0.804266,0.597443,-0.597444,0.804266,-0.579004,0.3069,1.77764,-0.28846,0.3069,1.77764,0.32534,-0.3069,1.77764,0.3069,-0.3069,1.77764,-0.288461,0.3069,3.31516,-0.288461,0.3069,3.31516,0.32534,-0.3069,3.31516,0.3069,-0.3069,3.31516,-0.288461,0.42074,4.15141,-0.402301,0.42074,4.15141,0.43918,-0.42074,4.15141,0.42074,-0.42074,4.15141,-0.402301,0.42074,4.78643,-0.402301,0.42074,4.78643,0.43918,-0.42074,4.78643,0.42074,-0.42074,4.78643,-0.402301,0.0997173,5.21236,-0.0812779,0.0997171,5.21236,0.118157,-0.0997174,5.21236,0.118157,-0.0997174,5.21236,-0.0812779,-1.15578,0.0751246,0.00514711,0.00257937,0.0765231,-1.14934,-0.846858,-0.419755,-0.846581,0.00232696,0.0754053,1.15938,-0.847505,-0.420482,0.851327,1.16069,0.075696,0.00488817,0.855214,-0.41885,0.841739,0.854952,-0.419792,-0.846449,-0.683365,-0.963991,-0.000645348,0.00574742,-0.962941,-0.689799,0.00601089,-0.963965,0.6792,0.693417,-0.961769,-0.0109574,-0.360755,-1.88201,0.000444121,0.00549281,-1.88176,-0.366627,0.00541233,-1.88177,0.356772,0.370032,-1.88096,-0.010302,0.43695,-1.3661,-0.431756,-0.425851,-1.36597,-0.431619,-0.425689,-1.36537,0.430405,0.436188,-1.36582,0.412467,-0.363145,-3.39165,0.000552188,0.00549088,-3.39178,-0.368987,0.00543436,-3.39177,0.359135,0.372289,-3.39216,-0.0104041,0.277937,-2.62582,-0.272774,-0.266953,-2.62581,-0.272774,-0.266996,-2.62566,0.271187,0.277906,-2.62596,0.254591,-0.500029,-4.22564,0.000618675,0.00548978,-4.22576,-0.505867,0.00556122,-4.22576,0.496009,0.509167,-4.22612,-0.0104778,-0.358829,-3.81861,-0.364648,-0.358865,-3.81861,0.364005,0.36981,-3.81861,-0.364649,0.369774,-3.81861,0.345539,-0.49069,-4.91091,0.000455994,0.00548892,-4.9108,-0.496472,0.00554873,-4.9106,0.486759,0.500072,-4.90954,-0.0103386,0.445143,-4.56119,0.42044,0.445101,-4.56134,-0.439941,-0.434122,-4.56134,-0.439941,-0.43392,-4.56126,0.439463,-0.0993365,-5.31021,-0.000248775,0.00548851,-5.31012,-0.105147,0.00560099,-5.31007,0.104567,0.110378,-5.3102,-0.000235087,0.289356,-5.10651,0.273923,0.289675,-5.10686,-0.284515,-0.278697,-5.10686,-0.284515,-0.278496,-5.1068,0.284172,-0.799429,0.382064,0.800778,-0.79951,0.382151,-0.787171,0.802271,0.382157,-0.787169,0.688856,0.878662,0.0198765,-0.000255411,0.87863,-0.670304,-0.00050858,0.877621,0.698695,-0.687926,0.876444,0.00950966,0.366247,1.79668,0.0192131,5.95436e-08,1.79643,-0.347858,8.05343e-05,1.79645,0.37554,-0.364539,1.79563,0.00846699,-0.430989,1.28033,-0.412606,0.430878,1.2802,-0.412469,0.43165,1.2805,0.449559,-0.431161,1.28093,0.431613,0.368636,3.30632,0.019321,5.02494e-08,3.30645,-0.350218,5.65726e-05,3.30644,0.377904,-0.366798,3.30683,0.00836472,-0.272445,2.54049,-0.254005,0.272445,2.54049,-0.254005,0.272488,2.54034,0.289956,-0.272414,2.54063,0.27336,0.505519,4.14031,0.0193874,8.76363e-08,4.14043,-0.487098,-7.13659e-05,4.14043,0.514777,-0.503677,4.14079,0.00829095,0.364319,3.73328,-0.34588,0.364356,3.73328,0.382773,-0.364319,3.73328,-0.34588,-0.364284,3.73329,0.364308,0.496179,4.82558,0.0192247,7.23463e-08,4.82547,-0.477703,-5.97402e-05,4.82527,0.505528,-0.494583,4.82421,0.00843005,-0.439653,4.47586,0.439208,-0.439612,4.47601,-0.421172,0.439612,4.47601,-0.421172,0.439409,4.47593,0.458232,0.104825,5.22489,0.0185199,-4.71194e-08,5.22479,-0.0863787,-0.000112523,5.22474,0.123335,-0.104889,5.22488,0.0185336,-0.283867,5.02119,0.292692,-0.284186,5.02154,-0.265747,0.284186,5.02154,-0.265747,0.283985,5.02147,0.302941,0.802371,0.382211,0.810043,0.00158213,0.301059,0.00556496,0.00558512,-1.40114,-0.499795,-1.01965,-0.424574,0.0025882,0.00434199,-0.424475,1.01949,1.02659,-0.422735,-0.00346243,0.00417672,-0.422877,-1.01942,0.00549188,-2.62569,-0.30246,0.00539554,-1.40078,0.489069,0.502904,-1.40001,-0.0104096,-0.493524,-1.40105,-7.25992e-05,-0.432612,-3.80853,0.000588461,0.00448179,-2.62569,0.292608,0.306541,-2.62574,-0.00991855,-0.295827,-2.62549,5.40689e-05,0.541699,-4.58062,-0.0106089,0.00549033,-3.80866,-0.438403,0.00550282,-3.80866,0.428549,0.441658,-3.80904,-0.010443,0.328701,-5.1383,-0.00528807,-0.532978,-4.58137,0.000736906,0.00548932,-4.58133,-0.538639,0.00597889,-4.58107,0.528715,0.00557914,-5.32516,-0.000190535,-0.318269,-5.13911,0.000247375,0.00548869,-5.13889,-0.324121,0.00583024,-5.13837,0.318546,0.000736743,0.478637,0.931006,-9.13393e-05,1.31545,-0.480157,0.926802,0.479434,0.0125942,0.00114132,0.479773,-0.911815,3.42363e-08,2.54036,-0.283691,9.51618e-05,1.31582,0.508707,-0.497411,1.31468,0.00896954,0.499017,1.31572,0.0193241,0.438102,3.7232,0.0193572,0.00101012,2.54037,0.311377,-0.301049,2.54041,0.00885034,0.301319,2.54016,0.018823,-0.536209,4.4953,0.00815985,6.93127e-08,3.72334,-0.419634,-1.24304e-05,3.72333,0.447318,-0.436168,3.72371,0.00832583,-0.323212,5.05297,0.0134806,0.538468,4.49604,0.0195056,8.78622e-08,4.49601,-0.51987,-0.000489483,4.49574,0.547484,-9.06855e-05,5.23983,0.0185781,0.323757,5.05378,0.019016,1.31217e-08,5.05357,-0.305353,-0.000341534,5.05304,0.337315,-0.923784,0.477852,0.00726593],

	"morphTargets" : [],